test,statistic,p_value
LM Lag,56.84586919678875,4.713430321422037e-14
Robust LM Lag,15.675410224067011,7.519545409371822e-05
LM Error,41.170853353883146,1.394871099692745e-10
Robust LM Error,0.0003943811614189084,0.9841558262324881
