term,estimate,p_value
const,-5.0306980803327406e-17,0.9999999999999993
ai,-0.4226369473511207,1.975347546559092e-09
