term,estimate
const,0.004870537116846801
ai,-0.14385964945550117
spatial_parameter,0.7387035357689055
