tehsil_idx,area_km2,road_km,road_density_km_per_km2,centroid_to_road_km,AI_poc
0,4002.6924589700297,1314.3435458545184,0.3283648592359565,1.11764065784801,0.0
